[
{
  "model": "mcq.unit",
  "pk": 1,
  "fields": {
    "title": "Surgery",
    "slug": "surgery"
  }
},
{
  "model": "mcq.quiz",
  "pk": 1,
  "fields": {
    "title": "end of year 2023 test",
    "description": "6 test questions with dummy feedback",
    "unit": 1,
    "slug": "end-of-year-2023-test",
    "year_tested": 2023,
    "tags": "mcq.Quiz.unit",
    "paper_type": "EOY"
  }
},
{
  "model": "mcq.question",
  "pk": 1,
  "fields": {
    "text": "A 42-year-old woman has a mass in the posterior aspect of the upper part of her arm that was first noted 3 months earlier. It is not painful and she has no associated symptoms. Magnetic resonance imaging (MRI) demonstrates a 5-cm neoplasm arising from the triceps. The best next step in the management of this patient is?",
    "quiz": 1,
    "slug": "a-42-year-old-woman-has-a-mass-in-the-posterior-as"
  }
},
{
  "model": "mcq.question",
  "pk": 2,
  "fields": {
    "text": "A 27-year-old man is suspected of having acute appendicitis. On physical examination, his abdomen is soft and nondistended. He does not have pain with coughing or reproduction of tenderness in the right lower quadrant when palpated in the left lower quadrant. He experiences abdominal pain during extension of the right thigh while lying on his left side. He does not have pain with passive rotation of his right hip in a flexed position. Where do you suspect the location of the tip of his appendix to be?",
    "quiz": 1,
    "slug": "a-27-year-old-man-is-suspected-of-having-acute-app"
  }
},
{
  "model": "mcq.question",
  "pk": 3,
  "fields": {
    "text": "A 27-year-old man has a 1-day history of right lower quadrant pain and leukocytosis. Probable nonperforated acute appendicitis is diagnosed. What is the best antibiotic and surgical management for this patient?",
    "quiz": 1,
    "slug": "a-27-year-old-man-has-a-1-day-history-of-right-low"
  }
},
{
  "model": "mcq.question",
  "pk": 4,
  "fields": {
    "text": "A patient with acute respiratory distress syndrome is on mechanical ventilation. During rounds, the team increases the positive end-expiratory pressure from 8 to 12 cm H2O. Which of the following parameters is likely to increase?",
    "quiz": 1,
    "slug": "a-patient-with-acute-respiratory-distress-syndrome"
  }
},
{
  "model": "mcq.question",
  "pk": 5,
  "fields": {
    "text": "A 53-year-old woman is now postoperative day 10 following a Whipple procedure for pancreatic ductal adenocarcinoma, and she develops a petechial rash. Routine laboratory evaluation is significant for an acute decrease in her platelet count from 150,000/pL to 40,000/uL. She receives a diagnosis of heparin-induced thrombocytopenia. Which of the following is the appropriate management of this condition?",
    "quiz": 1,
    "slug": "a-53-year-old-woman-is-now-postoperative-day-10-fo"
  }
},
{
  "model": "mcq.question",
  "pk": 6,
  "fields": {
    "text": "An asymptomatic patient is found to have a serum calcium level of 13.5 mg/dL. Which of the following medications should be avoided?",
    "quiz": 1,
    "slug": "an-asymptomatic-patient-is-found-to-have-a-serum-c"
  }
},
{
  "model": "mcq.choice",
  "pk": 1,
  "fields": {
    "text": "Percutaneous core needle biopsy",
    "is_correct": false,
    "question": 1
  }
},
{
  "model": "mcq.choice",
  "pk": 2,
  "fields": {
    "text": "Excisional biopsy",
    "is_correct": true,
    "question": 1
  }
},
{
  "model": "mcq.choice",
  "pk": 3,
  "fields": {
    "text": "Fine-needle aspiration (FNA) biopsy",
    "is_correct": false,
    "question": 1
  }
},
{
  "model": "mcq.choice",
  "pk": 4,
  "fields": {
    "text": "PET-computed tomography (CT)",
    "is_correct": false,
    "question": 1
  }
},
{
  "model": "mcq.choice",
  "pk": 5,
  "fields": {
    "text": "Incisional biopsy",
    "is_correct": false,
    "question": 1
  }
},
{
  "model": "mcq.choice",
  "pk": 6,
  "fields": {
    "text": "Extraperitoneal and lying anterior to the cecum",
    "is_correct": false,
    "question": 2
  }
},
{
  "model": "mcq.choice",
  "pk": 7,
  "fields": {
    "text": "Displaced to the right upper quadrant",
    "is_correct": false,
    "question": 2
  }
},
{
  "model": "mcq.choice",
  "pk": 8,
  "fields": {
    "text": "In the pelvis",
    "is_correct": false,
    "question": 2
  }
},
{
  "model": "mcq.choice",
  "pk": 9,
  "fields": {
    "text": "Retrocecal over the psoas muscle",
    "is_correct": true,
    "question": 2
  }
},
{
  "model": "mcq.choice",
  "pk": 10,
  "fields": {
    "text": "In the left lower quadrant",
    "is_correct": false,
    "question": 2
  }
},
{
  "model": "mcq.choice",
  "pk": 11,
  "fields": {
    "text": "Administer cefazolin perioperatively to reduce the risk of wound infection and then operate.",
    "is_correct": false,
    "question": 3
  }
},
{
  "model": "mcq.choice",
  "pk": 12,
  "fields": {
    "text": "Begin the administration of broad-spectrum antibiotics perioperatively such as ceftriaxone and Flagyl and proceed with appendectomy.",
    "is_correct": true,
    "question": 3
  }
},
{
  "model": "mcq.choice",
  "pk": 13,
  "fields": {
    "text": "Begin ceftriaxone and metronidazole (Flagyl) and monitor the patient with serial abdominal examinations, with surgery being reserved in the event that he fails to improve.",
    "is_correct": false,
    "question": 3
  }
},
{
  "model": "mcq.choice",
  "pk": 14,
  "fields": {
    "text": "Operate and then await the results of the culture of peritoneal fluid obtained during the surgery and tailor the selection of antibiotics accordingly.",
    "is_correct": false,
    "question": 3
  }
},
{
  "model": "mcq.choice",
  "pk": 15,
  "fields": {
    "text": "Begin clindamycin perioperatively, because Bacteroides fragilis is the most common organism involved in acute appendicitis.",
    "is_correct": false,
    "question": 3
  }
},
{
  "model": "mcq.choice",
  "pk": 16,
  "fields": {
    "text": "Functional residual capacity",
    "is_correct": false,
    "question": 4
  }
},
{
  "model": "mcq.choice",
  "pk": 17,
  "fields": {
    "text": "Cardiac output",
    "is_correct": false,
    "question": 4
  }
},
{
  "model": "mcq.choice",
  "pk": 18,
  "fields": {
    "text": "Arterial pressure",
    "is_correct": true,
    "question": 4
  }
},
{
  "model": "mcq.choice",
  "pk": 19,
  "fields": {
    "text": "Partial pressure of carbon dioxide on repeat arterial blood gas",
    "is_correct": false,
    "question": 4
  }
},
{
  "model": "mcq.choice",
  "pk": 20,
  "fields": {
    "text": "Preload",
    "is_correct": false,
    "question": 4
  }
},
{
  "model": "mcq.choice",
  "pk": 21,
  "fields": {
    "text": "Convert the patient from unfractionated heparin to low-molecular-weight heparin.",
    "is_correct": false,
    "question": 5
  }
},
{
  "model": "mcq.choice",
  "pk": 22,
  "fields": {
    "text": "Give a platelet transfusion to a goal of more than 50,000/uL.",
    "is_correct": false,
    "question": 5
  }
},
{
  "model": "mcq.choice",
  "pk": 23,
  "fields": {
    "text": "Discontinue unfractionated heparin and begin a direct thrombin inhibitor.",
    "is_correct": true,
    "question": 5
  }
},
{
  "model": "mcq.choice",
  "pk": 24,
  "fields": {
    "text": "Discontinue unfractionated heparin as the patient no longer requires anticoagulation.",
    "is_correct": false,
    "question": 5
  }
},
{
  "model": "mcq.choice",
  "pk": 25,
  "fields": {
    "text": "Continue unfractionated heparin and add a second agent, either a vitamin K antagonist or a direct thrombin inhibitor",
    "is_correct": false,
    "question": 5
  }
},
{
  "model": "mcq.choice",
  "pk": 26,
  "fields": {
    "text": "Thiazide diuretics",
    "is_correct": false,
    "question": 6
  }
},
{
  "model": "mcq.choice",
  "pk": 27,
  "fields": {
    "text": "Calcitonin",
    "is_correct": false,
    "question": 6
  }
},
{
  "model": "mcq.choice",
  "pk": 28,
  "fields": {
    "text": "Corticosteroids",
    "is_correct": false,
    "question": 6
  }
},
{
  "model": "mcq.choice",
  "pk": 29,
  "fields": {
    "text": "Mithramycin",
    "is_correct": true,
    "question": 6
  }
},
{
  "model": "mcq.choice",
  "pk": 30,
  "fields": {
    "text": "Bisphosphonates",
    "is_correct": false,
    "question": 6
  }
},
{
  "model": "mcq.feedback",
  "pk": 1,
  "fields": {
    "text": "It allows for comprehensive sampling of the 5-cm triceps mass, providing an accurate diagnosis and potentially definitive treatment while minimizing the risk of sampling error associated with other biopsy techniques.",
    "question": 1
  }
},
{
  "model": "mcq.feedback",
  "pk": 2,
  "fields": {
    "text": "Based on the clinical findings including pain during extension of the right thigh while lying on his left side (Rovsing's sign) indicative of retrocecal irritation, the location of the tip of the appendix is most likely retrocecal over the psoas muscle.",
    "question": 2
  }
},
{
  "model": "mcq.feedback",
  "pk": 3,
  "fields": {
    "text": "It addresses potential infection and inflammation while simultaneously performing the definitive treatment with appendectomy to prevent progression to perforation and peritonitis.",
    "question": 3
  }
},
{
  "model": "mcq.feedback",
  "pk": 4,
  "fields": {
    "text": "It will keep alveoli open during expiration, while the other parameters are less likely to significantly change due to PEEP adjustment.",
    "question": 4
  }
},
{
  "model": "mcq.feedback",
  "pk": 5,
  "fields": {
    "text": "It effectively prevents thrombosis without exacerbating HIT-related complications.",
    "question": 5
  }
},
{
  "model": "mcq.feedback",
  "pk": 6,
  "fields": {
    "text": "Debatable, but it is an antineoplastic agent that can further decrease calcium levels, potentially exacerbating hypercalcemia and its associated symptoms.",
    "question": 6
  }
}
]
